{"mean": [109.37781534931466, 1408.879098484391, 553.3730523519112, 47.539670913592175], "scale": [69.63777293741052, 8.965345042371922, 0.8777454226412287, 0.26572538770796555]}